feature,importance
age,0.8138571449550497
mileage,0.1165162306945516
body_status,0.03480369542423307
name,0.020851796525553926
trim,0.008702281164114723
fuel,0.005268851236497048
transmission,0.0
